begin;

drop schema if exists "unicorsi" cascade;
create schema "unicorsi";
set search_path to "unicorsi";
set datestyle to "MDY";

CREATE TABLE Professori(
Id decimal(5,0) PRIMARY KEY,
Cognome varchar(30) NOT NULL,
Nome varchar(30) NOT NULL,
Stipendio decimal(8,2) NOT NULL DEFAULT 15000 CHECK (Stipendio >=0)
);

INSERT INTO Professori VALUES
(1, 'Aguzzoli', 'Davide', 120000),
(00002, 'Alberti', 'Maria', 16500),
(00003, 'Bettini', 'Claudio', 18000),
(00004, 'Borghese', 'Alberto', 12387),
(00005, 'Cerri', 'Stefano Alberto', 30000),
(00006, 'Campadelli', 'Laura', 13000),
(00007, 'Ferrari', 'Mauro', 25000),
(00008, 'De Falco', 'Stefano', 22000),
(00009, 'Haus', 'Goffredo', 15000),
(00010, 'Valle', 'Giorgio', 19760),
(00011, 'Morpurgo', 'Anna', 18734),
(00012, 'Aguzzoli', 'Stefano', 13700),
(00013, 'Angeleri', 'Emanuele', 14000),
(00014, 'Apolloni', 'Bruno', 17834),
(00015, 'Bellettini', 'Carlo', 12000),
(00016, 'Bertero', 'Gianni', 18000),
(00017, 'Ribaudo', 'Carlo', 19500),
(00018, 'Lamberti', 'Stefano', default),
(00019, 'Galvagna', 'Gabriele', 17600),
(00020, 'Levrero', 'Michele', 12000),
(00021, 'Martini', 'Guido', 19800),
(00022, 'Rondinelli', 'Maria', 13500),
(00023, 'Rondinelli', 'Gianluigi', 13500),
(00024, 'Rondinelli', 'Patrizio', 13500),
(00025, 'Rosa', 'Aldo', 19200),
(00026, 'Rondanino', 'Carmela', 19000),
(00027, 'Cangini', 'Palmiro', 11200),
(00028, 'Rondanino', 'Gianna', 19000),
(00029, 'Vincenzini', 'Palmiro', 11200),
(00030, 'Devoto', 'Gianni', 13500),
(00031, 'Farazza', 'Valentina', 18000),
(00032, 'Serra', 'Pietro', 22387),
(00033, 'Fabrizi', 'Maura', 30000),
(00034, 'Gavizzi', 'Stefania', 13000),
(00035, 'Nizzi', 'Marco', 25000),
(00036, 'Farano', 'Anna', 23000),
(00037, 'Merlo', 'Anita', 20000);


-----------------------------------------------------------------------------------------
CREATE TABLE CorsiDiLaurea(
id decimal(3,0) PRIMARY KEY,
Facolta varchar(50) NOT NULL,
Denominazione varchar(50) NOT NULL,
Attivazione char(9) NOT NULL,
UNIQUE(Facolta, Denominazione)
);

INSERT INTO CorsiDiLaurea  VALUES
(1, 'SS.MM.FF.NN', 'Matematica', '1980/1981'),
(2, 'SS.MM.FF.NN', 'Chimica', '1990/1991'),
(3, 'SS.MM.FF.NN', 'Scienze Biologiche', '2009/2010'),
(4, 'SS.MM.FF.NN', 'Scienze Geologiche', '2008/2009'),
(5, 'SS.MM.FF.NN', 'Chimica Industriale', '1992/1993'),
(6, 'SS.MM.FF.NN', 'Fisica', '1995/1996'),
(7, 'SS.MM.FF.NN', 'Scienza dei Materiali', '2005/2006'),
(8, 'SS.MM.FF.NN', 'Scienze Ambientali', '2008/2009'),
(9, 'SS.MM.FF.NN', 'Informatica', '2004/2005'),
(10, 'SS.MM.FF.NN', 'Scienze dell''Informazione', '1996/1997'),
(15, 'Agraria', 'Scienze e Tecnologie Alimentari','2004/2005'),
(16, 'Economia', 'Economia e Commercio', '1992/1993'),
(17, 'Ingegneria', 'Ingegneria Elettronica', '1982/1983'),
(18, 'Medicina e chirurgia', 'Biotecnologie', '2008/2009'),
(19, 'Giurisprudenza', 'Giurisprudenza', '2007/2008'),
(20, 'Farmacia', 'Biotecnologie', '2004/2005'),
(21, 'Agraria', 'Scienze Ambientali', '2009/2010'),
(22, 'Agraria', 'Biotecnologie', '2002/2003'),
(23, 'Agraria', 'Scienze e Tecnologie Agrarie', '2007/2008'),
(24, 'Medicina e Chirurgia', 'Odontoiatria', '2007/2008'),
(25, 'Lettere e Filosofia', 'Filosofia', '1985/1986'),
(26, 'Lettere e Filosofia', 'Lettere', '1985/1986'),
(27, 'Ingegneria', 'Ingegneria Informatica', '1995/1996');
------------------------------------------------------------------------------------------------

CREATE TABLE Corsi(
Id char(10) PRIMARY KEY,
CorsoDiLaurea decimal(3) NOT NULL REFERENCES CorsiDiLaurea (id) ON UPDATE CASCADE,
Denominazione varchar(50) NOT NULL,
Professore decimal(5,0)  REFERENCES Professori (id) ON DELETE NO ACTION ON UPDATE CASCADE,
Attivato boolean NOT NULL DEFAULT FALSE,
UNIQUE (CorsoDiLaurea, Denominazione)
);

INSERT INTO Corsi VALUES
('bdd1n', 9, 'Basi Di Dati 1', 15, TRUE),
('bdd2', 9, 'Basi Di Dati 2', 1, TRUE),
('ldp', 9, 'Linguaggi di Programmazione', 2, TRUE),
('r1', 9, 'Reti di calcolatori 1', 3, TRUE),
('r2', 9, 'Reti di Calcolatori 2', 3, TRUE),
('elimm1', 9, 'Elaborazione delle immagini 1', 5, TRUE),
('elimm2', 9, 'Elaborazione delle immagini 2', NULL, FALSE),
('mecraz', 27, 'Meccanica Razionale', NULL, FALSE),
('an1info', 9, 'Analisi 1', 1, TRUE),
('an2info', 9, 'Analisi 2', NULL, FALSE),
('an1mate', 1, 'Analisi 1', 1, TRUE),
('an2mate', 1, 'Analisi 2', NULL, FALSE),
('mate', 2, 'Istituzioni Matematiche', 2, TRUE),
('mat', 20, 'Istituzioni Matematiche', 1, TRUE),
('org1', 2, 'Chimica Organica 1', 10, TRUE),
('graf', 9, 'Grafica', 22, TRUE),
('ig', 9, 'Interfacce Grafiche', 22, TRUE),
('fis1', 6, 'Fisica 1', 1, TRUE),
('fis2', 6, 'Fisica 2 ', 2, TRUE),
('infogen', 6, 'Informatica Generale', 8, TRUE),
('infogenM', 1, 'Informatica Generale', 8, TRUE),
('matGen', 27, 'Istituzioni Matematiche', 14, TRUE),
('fis1si', 10, 'Fisica 1', 18, TRUE),
('fis2si', 10, 'Fisica 2', null, FALSE),
('ep', 25, 'Epistemologia', 7, TRUE),
('ai1', 10, 'Intelligenza Artificiale 1', 25, TRUE),
('ai2', 10, 'Intelligenza Artificiale 2', 27, TRUE),
('ai1in', 9, 'Intelligenza Artificiale 1', 23, TRUE),
('se', 9, 'Sistemi Esperti', 22, TRUE),
('it', 9, 'Informatica Teorica ', 20, TRUE),
('met', 10, 'Metodi', 19, TRUE),
('algo1', 9, 'Algoritmi e strutture dati 1', 15, TRUE),
('algo2', 10, 'Algoritmi e strutture dati 2', 15, TRUE),
('mraz', 6, 'Meccanica Razionale', 3, TRUE),
('mring', 17, 'Meccanica Razionale', 10, TRUE),
('info', 27, 'Informatica', 6, TRUE),
('ele1', 2, 'elettrochimica 1', 20, TRUE),
('ele2', 2, 'elettrochimica 2', 22, TRUE);
-----------------------------------------------------------------------------------------------------

/**** Studenti ****/
CREATE TABLE Studenti(
Matricola varchar(10) PRIMARY KEY,
Cognome varchar(30) NOT NULL,
Nome varchar(30) NOT NULL,
Residenza varchar(30) NOT NULL,
DataNascita date NOT NULL,
LuogoNascita varchar(30) NOT NULL,
CorsoDiLaurea decimal(3,0)  REFERENCES CorsiDiLaurea (id) ON UPDATE CASCADE NOT NULL,
Iscrizione integer NOT NULL,
Relatore decimal(5,0)  REFERENCES Professori (id) ON UPDATE CASCADE,
Laurea date,
UNIQUE(Cognome,Nome,DataNascita, LuogoNascita, CORSODILAUREA)
);

INSERT INTO Studenti VALUES
('pd123745', 'Rossi', 'Mario', 'Genova', '12/23/1987', 'Savona', 9, '2006', 1, NULL),
('se2084', 'Gelli', 'Mirko', 'Genova', '07/01/1990', 'Savona', 1, '2009', NULL, NULL),
('cdo42361', 'Parodi', 'Franca', 'Savona', '08/15/1989', 'Rimini', 4, '2008', 1, NULL),
('23re123', 'Verdi', 'Luisa', 'Roma', '08/04/1990', 'Bari', 4, '2009', 1, NULL),
('sc4023', 'Mercurio', 'Giuliano', 'La Spezia', '01/06/1990', 'Novi Ligure', 9, '2006', 21, NULL),
('pl5672', 'Merello', 'Fabrizio', 'Noli', '07/03/1990', 'Firenze', 6, '1999', 21, NULL),
('hg76394', 'Merella', 'Maurizio', 'Loano', '12/15/1986', 'Darfo B. T.', 9, '2005', 12, NULL),
('iu765', 'Gavilli', 'Dino', 'La Spezia', '01/06/1990', 'Novi Ligure', 9, '2006', 21, NULL),
('mf192', 'Fara', 'Vincenzo', 'Spotorno', '07/03/1985', 'Firenze', 9, '1999', 3, NULL),
('9uhg563', 'FAnizzi', 'Maurizio', 'Boissano', '12/15/1991', 'Milano', 1, '2003', 5, NULL),
('ed362', 'Gavizzi', 'Pietro', 'Bogliasco', '01/15/1989', 'Genova', 19, '2002', 7, '02/23/2010'),
('kfi345', 'Fantino', 'Giuliano', 'Genova', '07/08/1990', 'Genova', 9, '2006', 4, '03/12/2011'),
('pl489d', 'Bodrato', 'Fabrizio', 'Genova', '11/03/1990', 'Arquata Scrivia', 1, '2005', 1, NULL),
('hg763d', 'De Vecchi', 'Maurizio', 'Genova', '12/12/1989', 'Genova', 9, '2009', 4, NULL),
('12gt5', 'Devoto', 'Stefania', 'Genova', '06/25/1988', 'La Spezia', 9, '2006', 2, null),
('bd765', 'Gavilli', 'Mauro', 'La Spezia', '01/06/1990', 'Novi Ligure', 9, '2006', 21, NULL),
('ijff192', 'Fara', 'Vincenza', 'Spotorno', '07/03/1985', 'Firenze', 9, '1999', 3, NULL),
('45hg563', 'FAnizzi', 'Angela', 'Genova', '12/15/1991', 'Milano', 1, '2003', 5, '04/03/2011'),
('e3462', 'Gavizzi', 'Simona', 'Bogliasco', '01/15/1989', 'Genova', 19, '2009', 7, null),
('kf7645', 'Fantino', 'Giulia', 'Genova', '07/08/1990', 'Genova', 9, '2006', 4, null),
('hy489d', 'Bodrato', 'Fabiana', 'Genova', '11/03/1990', 'Arquata Scrivia', 1, '2005', 1, NULL),
('h8u763d', 'De Vecchi', 'Massimiliano', 'Genova', '12/12/1989', 'Genova', 9, '2009', 4, NULL),
('23gt5', 'Devoto', 'Gianni', 'Genova', '06/25/1988', 'La Spezia', 9, '2006', 2, '10/24/2011'),
('ki1235', 'Rossini', 'Mario', 'Genova', '12/23/1979', 'Genova', 9, '2004', 1, null),
('se26084', 'Gellini', 'Marco', 'Genova', '07/01/1990', 'Savona', 1, '2009', NULL, NULL),
('cdo361', 'Parodi', 'Francesco', 'Savona', '08/15/1989', 'Rimini', 4, '2008', 1, NULL),
('23re12yr3', 'De Vecchi', 'Luisa', 'Roma', '08/04/1990', 'Bari', 4, '2009', 1, NULL),
('sc47e023', 'Marcia', 'Giuliano', 'La Spezia', '01/06/1990', 'Novi Ligure', 9, '2006', 8, null),
('ed12yr3', 'Rossi', 'Mario', 'Roma', '08/04/1990', 'Bari', 4, '2009', 1, NULL),
('pl567re2', 'Marello', 'Fabrizio', 'Noli', '07/03/1990', 'Firenze', 6, '1999', 21, NULL),
('hg794', 'Marte', 'Maurizio', 'Loano', '12/15/1986', 'Brescia', 9, '2005', 12, NULL),
('12765tr', 'Gavizzi', 'Stefania', 'Roma', '06/13/1983', 'Roma', 19, '2002', 7, '02/21/2010'),
('lu765', 'Gavilli', 'Daniela', 'La Spezia', '01/06/1990', 'Novi Ligure', 9, '2006', 21, NULL),
('mfiu192', 'Farassa', 'Vincenzina', 'Spotorno', '07/03/1985', 'Firenze', 9, '1999', 8, NULL),
('9ug563', 'Ferizzi', 'Maurizio', 'Boissano', '12/15/1991', 'Milano', 1, '2003', 5, NULL),
('xsed362', 'Gavilli', 'Giulio', 'Bogliasco', '01/15/1989', 'Genova', 19, '2002', 7, '02/21/2010'),
('lofi345', 'Fantino', 'Alberto', 'Genova', '07/08/1990', 'Genova', 9, '2006', 4, '03/21/2011'),
('pl9d', 'Bodrato', 'Emanuele', 'Genova', '11/03/1990', 'Arquata Scrivia', 1, '2005', 1, NULL),
('hg7d', 'Devoto', 'Marilena', 'Genova', '12/12/1989', 'Genova', 9, '1999', 4, NULL),
('12olgt5', 'Casaccio', 'Stefania', 'Genova', '06/25/1988', 'La Spezia', 9, '2006', 2, null),
('bd70f65', 'Novarese', 'Mauro', 'La Spezia', '01/06/1990', 'Novi Ligure', 9, '2006', 21, NULL),
('ijfer92', 'Novella', 'Vincenza', 'Spotorno', '07/03/1985', 'Firenze', 9, '1999', 3, NULL),
('43olg563', 'Filli', 'Angela', 'Genova', '12/15/1991', 'Milano', 1, '2003', 5, NULL),
('cde3462', 'Licci', 'Simona', 'Bogliasco', '01/15/1989', 'Genova', 19, '2005', 7, null),
('kf76hy', 'Damassino', 'Giulia', 'Genova', '07/08/1990', 'Genova', 9, '2006', 4, null),
('hy4mj89d', 'Baroncelli', 'Fabiana', 'Genova', '11/03/1990', 'Arquata Scrivia', 1, '2005', 1, NULL),
('h3d', 'De Sanctis', 'Massimiliano', 'Genova', '12/12/1989', 'Genova', 9, '2009', 4, NULL),
('23glot5', 'Danza', 'Gianni', 'Genova', '06/25/1988', 'La Spezia', 9, '2006', 2, null),
('dy192', 'Farazza', 'Valentina', 'Genova', '07/03/1982', 'Firenze', 6, '1999', 3, '07/03/2006'),
('rehg563', 'Fabrizi', 'Maura', 'Boissano', '12/15/1983', 'Milano', 6, '2002', 5, '04/03/2007'),
('ewd362', 'Serra', 'Pietro', 'Genova', '01/15/1986', 'Genova', 6, '2002', 7, '02/21/2009'),
('kefi345', 'Melogno', 'Giuliano', 'Genova', '07/08/1984', 'Genova', 6, '2003', 4, '03/12/2010'),
('dy3192', 'Farazza', 'Michele', 'Genova', '07/03/1982', 'Firenze', 9, '2010', null, null),
('r5g563', 'Fabrizi', 'Morena', 'Boissano', '12/15/1983', 'Milano', 9, '2010', null, null),
('e8fdy62', 'Serra', 'Paride', 'Genova', '01/15/1986', 'Genova', 9, '2010', null, null),
('kedue45', 'Melogno', 'Gennaro', 'Genova', '07/08/1984', 'Genova', 9, '2010', null, null),
('dy3192fr', 'Farazza', 'Michele','Genova', '07/03/1990', 'Firenze', 1, '2010', null,null),
('r5g56de3', 'Fabrizi', 'Morena', 'Boissano', '12/15/1988', 'Milano', 1, '2010', null, null),
('e8fdy62fs', 'Serra', 'Paride', 'Genova', '01/15/1990', 'Genova', 6, '2010', null, null),
('kedue45srt', 'Melogno', 'Gennaro', 'Genova', '07/08/1989', 'Genova', 6, '2010', null,null),
('kee45srt', 'Melogno', 'Gennaro', 'Genova', '07/08/1983', 'Genova', 6, '2010', null, null),
('af198aa', 'Farano', 'Anna', 'Spotorno', '07/03/1985', 'Firenze', 9, '2007', 3, '02/23/2013' ),
('nm4hg56', 'Nizzi', 'Marco', 'Genova', '12/15/1989', 'Genova', 1, '2008', 5,'02/03/2013'),
('am166mm', 'Merlo', 'Anita', 'Rapallo', '07/03/1989', 'Genova', 9, '2008', 3, '06/23/2013' );


---------------------------------------------------------------------------------------------

/**** ESAMI ****/
CREATE TABLE Esami(
Studente varchar(10) REFERENCES Studenti 
(matricola) ON UPDATE CASCADE, /* aggiunto update*/
Corso char(10)  REFERENCES Corsi (id) ON UPDATE NO ACTION, /* aggiunto update*/
Data date,
Voto decimal(2,0) NOT NULL check (Voto  between 1 and 33),
PRIMARY KEY(Studente,Corso,Data)
);


INSERT INTO Esami VALUES
('23glot5', 'algo1', '02/20/2008', 21),
('23glot5', 'graf', '7/20/2008', 25),
('23glot5', 'bdd2', '02/27/2009', 29),
('23glot5', 'bdd1n', '9/8/2010', 27),
('23glot5', 'it', '06/2/2009', 30),
('23glot5', 'ldp', '9/9/2011', 27),
('23glot5', 'r1', '11/27/2009', 29),
('23glot5', 'r2', '9/21/2011', 30),
('bd70f65', 'algo1', '02/20/2008', 21),
('bd70f65', 'graf', '7/20/2008', 25),
('bd70f65', 'bdd2', '02/27/2009', 29),
('bd70f65', 'bdd1n', '9/8/2010', 27),
('bd70f65', 'it', '06/2/2009', 30),
('bd70f65', 'ldp', '9/9/2011', 27),
('bd70f65', 'r1', '11/27/2009', 29),
('bd70f65', 'r2', '9/21/2011', 30),
('h3d', 'algo1', '02/20/2010', 21),
('h3d', 'graf', '7/20/2010', 25),
('h3d', 'bdd2', '02/27/2011', 29),
('h3d', 'bdd1n', '9/8/2011', 27),
('ijff192', 'algo1', '02/20/2008', 21),
('ijff192', 'graf', '7/20/2008', 20),
('ijff192', 'bdd2', '02/27/2004', 19),
('ijff192', 'an1mate', '02/27/2010', 19),
('ijff192', 'bdd1n', '9/8/2010', 27),
('ijff192', 'it', '04/2/2008', 30),
('ijff192', 'ldp', '9/9/2011', 27),
('ijff192', 'r1', '11/27/2009', 29),
('ijff192', 'r2', '9/21/2011', 30),
('sc47e023', 'bdd1n', '9/8/2010', 27),
('sc47e023', 'it', '04/2/2008', 30),
('sc47e023', 'ldp', '9/9/2011', 27),
('sc47e023', 'r1', '11/27/2009', 29),
('sc47e023', 'r2', '2/15/2012', 29),
('hy489d', 'infogenM', '2/15/2010', 18),
('43olg563', 'an2mate', '2/15/2010', 25),
('43olg563', 'infogenM', '2/15/2012', 25),
('45hg563', 'infogenM', '2/15/2012', 20),
('hy4mj89d', 'infogenM', '2/15/2012', 19),
('pl9d', 'infogenM', '2/15/2012', 19),
('se2084', 'infogenM', '2/15/2012', 29);

----------------------------------------------------------------------------------------------------

/**** PianiDiStudio ****/
CREATE TABLE PianiDiStudio(
Studente varchar(10) REFERENCES Studenti (matricola) ON UPDATE CASCADE, /* aggiunto update*/
AnnoAccademico integer not null,
Anno decimal(1,0) check (Anno  between 1 and 6),
PRIMARY KEY(Studente,AnnoAccademico,Anno)
);


INSERT INTO PianiDiStudio VALUES
('kf7645', '2011', 5),
('kf76hy', '2011', 5),
('kfi345', '2011', 5),
('mfiu192','2011', 5),
('ki1235', '2011', 5),
('pd123745','2011', 5),
('sc4023', '2011', 5),
('sc47e023','2011', 5),
('23re123', '2010', 2),
('45hg563', '2003', 1),
('45hg563', '2004', 2),
('45hg563', '2005', 3),
('45hg563', '2010', 4),
('bd765', '2006', 1),
('bd765', '2007', 2),
('bd765', '2008', 3),
('bd765', '2010', 4),
('bd765', '2011', 5),
('23gt5', '2006', 1),
('23gt5', '2007', 2),
('23gt5', '2008', 3),
('23gt5', '2010', 4),
('23gt5', '2011', 5),
('h8u763d', '2009', 1),
('h8u763d', '2010', 2),
('h8u763d', '2011', 3);

INSERT INTO esami VALUES('h3d', 'bdd1n', '10/08/2009', 20),
('bd70f65', 'bdd1n', '10/08/2009', 29),
('bd70f65', 'ig', '10/22/2009', 24),
('23glot5', 'bdd1n', '10/08/2009', 23),
('ijff192', 'bdd1n', '06/15/2010', 22),
('sc47e023', 'bdd1n', '06/15/2010', 20),
('ijff192', 'ig', '06/30/2010', 24),
('sc47e023', 'ig', '06/29/2010', 27),
('23glot5', 'algo1', '06/01/2010', 32),
('23glot5', 'ldp', '06/09/2010', 22),
('bd70f65', 'bdd1n', '10/08/2008', 12),
('bd70f65', 'ig', '09/01/2009', 15),
('23glot5', 'bdd1n', '02/12/2009', 10),
('ijff192', 'bdd1n', '01/15/2010', 8),
('sc47e023', 'ig', '04/12/2010', 16),
('23glot5', 'algo1', '04/01/2010', 12),
('23glot5', 'ldp', '01/07/2010', 13),
('23glot5', 'it', '04/01/2009', 10),
('23glot5', 'ldp', '7/9/2011', 7),
('23glot5', 'r1', '01/27/2009', 9),
('23glot5', 'r2', '02/21/2011', 10),
('bd70f65', 'algo1', '02/20/2007', 11),
('bd70f65', 'graf', '06/20/2008', 5),
('h8u763d', 'an1info', '02/21/2010', 10),
('hg76394', 'an1info', '02/21/2010', 8),
('hg763d', 'an1info', '02/21/2010', 15),
('h8u763d', 'an2info', '02/21/2011', 10),
('hg76394', 'an2info', '02/21/2011', 8),
('hg763d', 'an2info', '02/21/2011', 15),
('h8u763d', 'elimm1', '02/21/2009', 10),
('hg76394', 'elimm1', '02/21/2009', 8),
('hg763d', 'elimm2', '02/21/2009', 15),
('e8fdy62fs', 'fis1', '02/21/2009', 20),
('e8fdy62fs', 'fis2', '06/21/2009', 24),
('e8fdy62fs', 'infogen', '04/21/2010', 27),
('e8fdy62fs', 'mraz', '06/21/2011', 28),
('kee45srt', 'fis1', '02/21/2009', 20),
('kee45srt', 'fis2', '06/21/2009', 24),
('kee45srt', 'infogen', '04/21/2010', 27),
('kee45srt', 'mraz', '06/21/2011', 28),
('dy3192fr', 'an1mate', '06/21/2009', 24),
('dy3192fr', 'an2mate', '04/21/2010', 27),
('dy3192fr', 'infogenM', '06/21/2011', 28),
('9ug563', 'an2mate', '06/07/2010', 14),   
('dy3192fr', 'an2mate', '06/07/2010', 24),   
('9uhg563', 'an2mate', '06/07/2010', 21),   
('pl489d', 'infogenM', '06/15/2010', 22),   
('kedue45srt', 'infogen', '06/12/2010', 14),   
('kee45srt', 'fis2', '06/14/2010', 24),   
('kefi345', 'fis2', '06/14/2010', 21),   
('dy192', 'fis1', '06/30/2010', 22),
('hg794', 'r2', '06/14/2010', 21),   
('hg7d', 'r2', '06/30/2010', 22),
('kfi345', 'algo1', '06/20/2010', 21),   
('ki1235', 'elimm2', '06/20/2010', 22),   
('kedue45', 'bdd1n', '06/20/2010', 21),   
('lofi345', 'bdd1n', '06/20/2010', 22), 
('sc4023', 'ig', '06/20/2010', 22),   
('mf192', 'ig', '06/20/2010', 21),
('r5g563', 'ig', '06/20/2010', 22), 
('kf7645', 'bdd1n', '06/13/2010', 22), 
('kf76hy', 'ig', '06/1/2010', 22),   
('mfiu192', 'ig', '06/1/2010', 21),
('pd123745', 'ig', '06/1/2010', 22);


commit;